listing_id,addres,owner
1,"215 Torrance Stravenue St. Moenville, Wisconsin, 06069",Tony Harris
2,"763 Lowe Creek St. Isaiahstad, New Mexico, 31442-8344",Amani Langworth
3,"32849 Allan Plaza St. New Bill, Rhode Island, 23002",Freddy Rau
4,"989 O'Reilly Oval St. Gottliebstad, New Jersey, 09383-0171",Ceasar Erdman
5,"655 Everardo Divide St. Langoshton, Rhode Island, 97131-6755",Kasandra Schaden
6,"3451 Juwan Camp St. East Cletusmouth, North Carolina, 37423",Marlen Lehner
7,"8055 Dickinson Mill St. South Martin, Rhode Island, 09998",William Ratke
8,"661 Ocie Club St. West Kaciside, Idaho, 11557",Rose Dickens
9,"687 Terry Point St. Samsonland, Arizona, 26327-0550",Porter Dibbert
10,"104 Alfonso Square St. Cummingsfurt, Texas, 14233",Sage Kling
